<databaseChangeLog
        xmlns="http://www.liquibase.org/xml/ns/dbchangelog"
        xmlns:xsi="http://www.w3.org/2001/XMLSchema-instance"
        xsi:schemaLocation="http://www.liquibase.org/xml/ns/dbchangelog http://www.liquibase.org/xml/ns/dbchangelog/dbchangelog-4.3.xsd">

    <include file="db/changelog/v-1.0/01-create-apartment-table.xml"/>
    <include file="db/changelog/v-1.0/01-create-category-table.xml"/>
    <include file="db/changelog/v-1.0/01-create-guest-table.xml"/>
    <include file="db/changelog/v-1.0/01-create-roles-table.xml"/>
    <include file="db/changelog/v-1.0/01-create-usr-table.xml"/>
    <include file="db/changelog/v-1.0/01-create-usr-role.xml"/>
    <include file="db/changelog/v-2.0/02-insert-into-categories.xml"/>
    <include file="db/changelog/v-2.0/02-insert-into-admin.xml"/>
    <include file="db/changelog/v-2.0/02-insert-into-adminrole.xml"/>
    <include file="db/changelog/v-2.0/02-insert-into-user-role.xml"/>
</databaseChangeLog>