<databaseChangeLog
        xmlns="http://www.liquibase.org/xml/ns/dbchangelog"
        xmlns:xsi="http://www.w3.org/2001/XMLSchema-instance"
        xsi:schemaLocation="http://www.liquibase.org/xml/ns/dbchangelog http://www.liquibase.org/xml/ns/dbchangelog/dbchangelog-4.3.xsd">

    <changeSet id="create-usr-role" author="Vadim">
        <createTable tableName="user_role">
            <column name="user_id" type="bigint">
                <constraints foreignKeyName="user_id_role_id" references="usr(id)"/>
            </column>
            <column name="role_id" type="bigint">
                <constraints foreignKeyName="role_id_user_idd" references="roles(id)"/>
            </column>
        </createTable>
    </changeSet>

</databaseChangeLog>