<databaseChangeLog
        xmlns="http://www.liquibase.org/xml/ns/dbchangelog"
        xmlns:xsi="http://www.w3.org/2001/XMLSchema-instance"
        xsi:schemaLocation="http://www.liquibase.org/xml/ns/dbchangelog http://www.liquibase.org/xml/ns/dbchangelog/dbchangelog-4.3.xsd">

    <changeSet id="create-guest-table" author="Vadim">
        <createTable tableName="guest">
            <column name="id" type="bigint" autoIncrement="true">
                <constraints primaryKey="true" nullable="false"/>
            </column>
            <column name="firstname" type="varchar(255)"/>
            <column name="lastname" type="varchar(255)"/>
            <column name="patronymic" type="varchar(255)"/>
            <column name="passport" type="varchar(100)">
                <constraints primaryKey="true" nullable="false"/>
            </column>
            <column name="image" type="binary array"/>
            <column name="birthdate" type="date"/>
            <column name="start_date" type="date"/>
            <column name="end_date" type="date"/>
            <column name="apartment_id" type="bigint">
                <constraints foreignKeyName="fk_apartment_id" references="apartment(id)"/>
            </column>
        </createTable>
    </changeSet>
</databaseChangeLog>