<databaseChangeLog
        xmlns="http://www.liquibase.org/xml/ns/dbchangelog"
        xmlns:xsi="http://www.w3.org/2001/XMLSchema-instance"
        xsi:schemaLocation="http://www.liquibase.org/xml/ns/dbchangelog http://www.liquibase.org/xml/ns/dbchangelog/dbchangelog-4.3.xsd"
>

    <changeSet id="create-category-table" author="Vadim">
        <createTable tableName="category">
            <column name="id" type="bigint">
                <constraints primaryKey="true"/>
            </column>
            <column name="name" type="varchar(255)"/>
            <column name="description" type="varchar(255)"/>
        </createTable>
    </changeSet>
</databaseChangeLog>